date,bike_usage
2015-01-01,127
2015-01-02,213
2015-01-03,142
2015-01-04,112
2015-01-05,337
2015-01-06,267
2015-01-07,296
2015-01-08,247
2015-01-09,275
2015-01-10,162
2015-01-11,134
2015-01-12,279
2015-01-13,387
2015-01-14,379
2015-01-15,287
2015-01-16,345
2015-01-17,171
2015-01-18,244
2015-01-19,330
2015-01-20,490
2015-01-21,450
2015-01-22,511
2015-01-23,523
2015-01-24,60
2015-01-25,163
2015-01-26,271
2015-01-28,53
2015-01-29,246
2015-01-30,233
2015-01-31,106
2015-02-01,149
2015-02-02,7
2015-02-03,81
2015-02-04,208
2015-02-05,161
2015-02-06,210
2015-02-07,142
2015-02-08,53
2015-02-10,29
2015-02-11,161
2015-02-12,171
2015-02-13,173
2015-02-14,64
2015-02-16,11
2015-02-17,105
2015-02-18,199
2015-02-19,170
2015-02-20,191
2015-02-21,102
2015-02-22,132
2015-02-23,237
2015-02-24,233
2015-02-25,299
2015-02-26,268
2015-02-27,289
2015-02-28,175
2015-03-01,12
2015-03-02,289
2015-03-03,298
2015-03-04,287
2015-03-05,367
2015-03-06,382
2015-03-07,221
2015-03-08,194
2015-03-09,491
2015-03-10,541
2015-03-11,612
2015-03-12,489
2015-03-13,524
2015-03-14,100
2015-03-15,128
2015-03-16,483
2015-03-17,342
2015-03-18,339
2015-03-19,351
2015-03-20,368
2015-03-21,191
2015-03-22,199
2015-03-23,399
2015-03-24,463
2015-03-25,553
2015-03-26,385
2015-03-27,483
2015-03-28,163
2015-03-29,349
2015-03-30,579
2015-03-31,688
2015-04-01,750
2015-04-02,748
2015-04-03,663
2015-04-04,489
2015-04-05,373
2015-04-06,625
2015-04-07,586
2015-04-08,503
2015-04-09,426
2015-04-10,623
2015-04-11,673
2015-04-12,993
2015-04-13,942
2015-04-14,804
2015-04-15,913
2015-04-16,804
2015-04-17,2428
2015-04-18,3220
2015-04-19,3009
2015-04-20,1236
2015-04-21,3285
2015-04-22,3879
2015-04-23,3328
2015-04-24,3187
2015-04-25,2900
2015-04-26,2451
2015-04-27,3350
2015-04-28,3865
2015-04-29,4418
2015-04-30,4372
2015-05-01,4286
2015-05-02,3746
2015-05-03,4274
2015-05-04,5204
2015-05-05,4632
2015-05-06,5493
2015-05-07,5653
2015-05-08,5246
2015-05-09,4315
2015-05-10,4306
2015-05-11,4920
2015-05-12,5083
2015-05-13,5451
2015-05-14,5684
2015-05-15,5581
2015-05-16,4118
2015-05-17,4941
2015-05-18,4810
2015-05-19,3252
2015-05-20,4557
2015-05-21,5321
2015-05-22,5497
2015-05-23,4119
2015-05-24,4933
2015-05-25,4461
2015-05-26,5596
2015-05-27,5825
2015-05-28,5392
2015-05-29,6040
2015-05-30,4969
2015-05-31,1438
2015-06-01,1408
2015-06-02,2202
2015-06-03,4963
2015-06-04,5383
2015-06-05,5612
2015-06-06,4262
2015-06-07,4546
2015-06-08,5210
2015-06-09,5288
2015-06-10,5820
2015-06-11,5942
2015-06-12,6042
2015-06-13,5073
2015-06-14,4935
2015-06-15,1496
2015-06-16,5119
2015-06-17,6246
2015-06-18,6124
2015-06-19,5803
2015-06-20,4797
2015-06-21,1727
2015-06-22,5822
2015-06-23,5453
2015-06-24,6502
2015-06-25,6315
2015-06-26,5688
2015-06-27,4366
2015-06-28,895
2015-06-29,5216
2015-06-30,5977
2015-07-01,4132
2015-07-02,6044
2015-07-03,4918
2015-07-04,5252
2015-07-05,4620
2015-07-06,5975
2015-07-07,5992
2015-07-08,6194
2015-07-09,6228
2015-07-10,5874
2015-07-11,5186
2015-07-12,4280
2015-07-13,5967
2015-07-14,6339
2015-07-15,5674
2015-07-16,6722
2015-07-17,6126
2015-07-18,4580
2015-07-19,4230
2015-07-20,5492
2015-07-21,6228
2015-07-22,6763
2015-07-23,6593
2015-07-24,6205
2015-07-25,5083
2015-07-26,4391
2015-07-27,5984
2015-07-28,6524
2015-07-29,6175
2015-07-30,5350
2015-07-31,6200
2015-08-01,4393
2015-08-02,5003
2015-08-03,5922
2015-08-04,5350
2015-08-05,6639
2015-08-06,6687
2015-08-07,6362
2015-08-08,5127
2015-08-09,4608
2015-08-10,5994
2015-08-11,3482
2015-08-12,6341
2015-08-13,5933
2015-08-14,6119
2015-08-15,3987
2015-08-16,4129
2015-08-17,5233
2015-08-18,5544
2015-08-19,5964
2015-08-20,5775
2015-08-21,3889
2015-08-22,4171
2015-08-23,2819
2015-08-24,5143
2015-08-25,5701
2015-08-26,5662
2015-08-27,5604
2015-08-28,5291
2015-08-29,4023
2015-08-30,3864
2015-08-31,5306
2015-09-01,5835
2015-09-02,5691
2015-09-03,5622
2015-09-04,5531
2015-09-05,4316
2015-09-06,4481
2015-09-07,4172
2015-09-08,5660
2015-09-09,5776
2015-09-10,4389
2015-09-11,4535
2015-09-12,4203
2015-09-13,2402
2015-09-14,5327
2015-09-15,5864
2015-09-16,5903
2015-09-17,5987
2015-09-18,5978
2015-09-19,4653
2015-09-20,4094
2015-09-21,5638
2015-09-22,5562
2015-09-23,5835
2015-09-24,6026
2015-09-25,5663
2015-09-26,4297
2015-09-27,3930
2015-09-28,5505
2015-09-29,5189
2015-09-30,2452
2015-10-01,4809
2015-10-02,2930
2015-10-03,2139
2015-10-04,2655
2015-10-05,4695
2015-10-06,5289
2015-10-07,5363
2015-10-08,5338
2015-10-09,3771
2015-10-10,3656
2015-10-11,3718
2015-10-12,4674
2015-10-13,4157
2015-10-14,5468
2015-10-15,5455
2015-10-16,5131
2015-10-17,3578
2015-10-18,2435
2015-10-19,3894
2015-10-20,4921
2015-10-21,4596
2015-10-22,5151
2015-10-23,4477
2015-10-24,2419
2015-10-25,2376
2015-10-26,4366
2015-10-27,4592
2015-10-28,2996
2015-10-29,4196
2015-10-30,4518
2015-10-31,2893
2015-11-01,2575
2015-11-02,4518
2015-11-03,5054
2015-11-04,4774
2015-11-05,5148
2015-11-06,4904
2015-11-07,3260
2015-11-08,2758
2015-11-09,4283
2015-11-10,4102
2015-11-11,1914
2015-11-12,3209
2015-11-13,4095
2015-11-14,2059
2015-11-15,2133
2015-11-16,3905
2015-11-17,3735
2015-11-18,3561
2015-11-19,3330
2015-11-20,2971
2015-11-21,1915
2015-11-22,1016
2015-11-23,2490
2015-11-24,2506
2015-11-25,2056
2015-11-26,950
2015-11-27,1610
2015-11-28,558
2015-11-29,1150
2015-11-30,2196
2015-12-01,2159
2015-12-02,1593
2015-12-03,2604
2015-12-04,2487
2015-12-05,1633
2015-12-06,1517
2015-12-07,2531
2015-12-08,2299
2015-12-09,2502
2015-12-10,2658
2015-12-11,2697
2015-12-12,1782
2015-12-13,1435
2015-12-14,2133
2015-12-15,2307
2015-12-16,2287
2015-12-17,1442
2015-12-18,1863
2015-12-19,788
2015-12-20,774
2015-12-21,1760
2015-12-22,987
2015-12-23,1296
2015-12-24,918
2015-12-25,1014
2015-12-26,620
2015-12-27,507
2015-12-28,991
2015-12-29,192
2015-12-30,489
2015-12-31,651
2016-01-01,242
2016-01-02,221
2016-01-03,245
2016-01-04,277
2016-01-05,325
2016-01-06,461
2016-01-07,536
2016-01-08,538
2016-01-09,327
2016-01-10,121
2016-01-11,492
2016-01-12,488
2016-01-13,427
2016-01-14,469
2016-01-15,520
2016-01-16,260
2016-01-17,269
2016-01-18,201
2016-01-19,292
2016-01-20,420
2016-01-21,410
2016-01-22,425
2016-01-23,159
2016-01-24,193
2016-01-25,463
2016-01-26,568
2016-01-27,620
2016-01-28,617
2016-01-29,600
2016-01-30,438
2016-01-31,431
2016-02-01,851
2016-02-02,816
2016-02-03,565
2016-02-04,802
2016-02-05,133
2016-02-06,258
2016-02-07,316
2016-02-08,117
2016-02-09,374
2016-02-10,473
2016-02-11,515
2016-02-12,416
2016-02-13,171
2016-02-14,95
2016-02-15,201
2016-02-16,381
2016-02-17,669
2016-02-18,619
2016-02-19,605
2016-02-20,614
2016-02-21,540
2016-02-22,746
2016-02-23,701
2016-02-24,378
2016-02-25,725
2016-02-26,644
2016-02-27,462
2016-02-28,630
2016-02-29,826
2016-03-01,829
2016-03-02,580
2016-03-03,754
2016-03-04,657
2016-03-05,650
2016-03-06,662
2016-03-07,1042
2016-03-08,1336
2016-03-09,1874
2016-03-10,987
2016-03-11,1499
2016-03-12,1622
2016-03-13,1613
2016-03-14,1124
2016-03-15,512
2016-03-16,1693
2016-03-17,1684
2016-03-18,1651
2016-03-19,1189
2016-03-20,752
2016-03-21,919
2016-03-22,1725
2016-03-23,2154
2016-03-24,1732
2016-03-25,1136
2016-03-26,1347
2016-03-27,1110
2016-03-28,978
2016-03-29,2073
2016-03-30,2538
2016-03-31,2855
2016-04-01,2892
2016-04-02,888
2016-04-03,729
2016-04-04,450
2016-04-05,1189
2016-04-06,1848
2016-04-07,1238
2016-04-08,2252
2016-04-09,1644
2016-04-10,1686
2016-04-11,2151
2016-04-12,2300
2016-04-13,3086
2016-04-14,3151
2016-04-15,3458
2016-04-16,2834
2016-04-17,3872
2016-04-18,3813
2016-04-19,3363
2016-04-20,3843
2016-04-21,4594
2016-04-22,4098
2016-04-23,2842
2016-04-24,3222
2016-04-25,3865
2016-04-26,2503
2016-04-27,4279
2016-04-28,4296
2016-04-29,4291
2016-04-30,3585
2016-05-01,1984
2016-05-02,2110
2016-05-03,2363
2016-05-04,2855
2016-05-05,2365
2016-05-06,3622
2016-05-07,2153
2016-05-08,2066
2016-05-09,4058
2016-05-10,4888
2016-05-11,5442
2016-05-12,5710
2016-05-13,4578
2016-05-14,4973
2016-05-15,3005
2016-05-16,4060
2016-05-17,5275
2016-05-18,5363
2016-05-19,5229
2016-05-20,5521
2016-05-21,4489
2016-05-22,3670
2016-05-23,5324
2016-05-24,3820
2016-05-25,5930
2016-05-26,5859
2016-05-27,5728
2016-05-28,4258
2016-05-29,3920
2016-05-30,2708
2016-05-31,5934
2016-06-01,6017
2016-06-02,5533
2016-06-03,5449
2016-06-04,4992
2016-06-05,1636
2016-06-06,5766
2016-06-07,5480
2016-06-08,5614
2016-06-09,5758
2016-06-10,5753
2016-06-11,3310
2016-06-12,4156
2016-06-13,5405
2016-06-14,6024
2016-06-15,6091
2016-06-16,6375
2016-06-17,6230
2016-06-18,5225
2016-06-19,4834
2016-06-20,6143
2016-06-21,6365
2016-06-22,6503
2016-06-23,6676
2016-06-24,6376
2016-06-25,5181
2016-06-26,4837
2016-06-27,6070
2016-06-28,5137
2016-06-29,5549
2016-06-30,6182
2016-07-01,5453
2016-07-02,4682
2016-07-03,5062
2016-07-04,5398
2016-07-05,4599
2016-07-06,6040
2016-07-07,6259
2016-07-08,5684
2016-07-09,3908
2016-07-10,3202
2016-07-11,6275
2016-07-12,6617
2016-07-13,6026
2016-07-14,5963
2016-07-15,5714
2016-07-16,4488
2016-07-17,4801
2016-07-18,5188
2016-07-19,6905
2016-07-20,6858
2016-07-21,6457
2016-07-22,5732
2016-07-23,3985
2016-07-24,4503
2016-07-25,6027
2016-07-26,6195
2016-07-27,6424
2016-07-28,6413
2016-07-29,4947
2016-07-30,4623
2016-07-31,2955
2016-08-01,5952
2016-08-02,5434
2016-08-03,6713
2016-08-04,6522
2016-08-05,6327
2016-08-06,4333
2016-08-07,4934
2016-08-08,6483
2016-08-09,6949
2016-08-10,4872
2016-08-11,5731
2016-08-12,4963
2016-08-13,4608
2016-08-14,3663
2016-08-15,5815
2016-08-16,5861
2016-08-17,5983
2016-08-18,5907
2016-08-19,6053
2016-08-20,4811
2016-08-21,4590
2016-08-22,5793
2016-08-23,6257
2016-08-24,6156
2016-08-25,6016
2016-08-26,5562
2016-08-27,4424
2016-08-28,4620
2016-08-29,6030
2016-08-30,6560
2016-08-31,6276
2016-09-01,5421
2016-09-02,5930
2016-09-03,4734
2016-09-04,5119
2016-09-05,3719
2016-09-06,4301
2016-09-07,5529
2016-09-08,6257
2016-09-09,6198
2016-09-10,5995
2016-09-11,4494
2016-09-12,6409
2016-09-13,6870
2016-09-14,6410
2016-09-15,6785
2016-09-16,6570
2016-09-17,5401
2016-09-18,4218
2016-09-19,3994
2016-09-20,6274
2016-09-21,6659
2016-09-22,6659
2016-09-23,6099
2016-09-24,4681
2016-09-25,4244
2016-09-26,6032
2016-09-27,5182
2016-09-28,5243
2016-09-29,5621
2016-09-30,4642
2016-10-01,1526
2016-10-02,2599
2016-10-03,5807
2016-10-04,5918
2016-10-05,5889
2016-10-06,6000
2016-10-07,6023
2016-10-08,4183
2016-10-09,570
2016-10-10,4164
2016-10-11,5650
2016-10-12,5397
2016-10-13,5669
2016-10-14,5561
2016-10-15,3875
2016-10-16,3848
2016-10-17,6139
2016-10-18,5752
2016-10-19,6318
2016-10-20,5741
2016-10-21,4580
2016-10-22,2326
2016-10-23,3284
2016-10-24,5235
2016-10-25,4644
2016-10-26,4635
2016-10-27,3106
2016-10-28,3055
2016-10-29,2943
2016-10-30,2908
2016-10-31,4519
2016-11-01,4832
2016-11-02,5468
2016-11-03,4322
2016-11-04,4763
2016-11-05,3454
2016-11-06,2485
2016-11-07,4154
2016-11-08,4808
2016-11-09,4447
2016-11-10,4439
2016-11-11,3796
2016-11-12,2663
2016-11-13,2943
2016-11-14,4538
2016-11-15,2472
2016-11-16,4408
2016-11-17,4561
2016-11-18,4812
2016-11-19,3344
2016-11-20,1875
2016-11-21,3013
2016-11-22,3197
2016-11-23,2546
2016-11-24,853
2016-11-25,1075
2016-11-26,1511
2016-11-27,1600
2016-11-28,3237
2016-11-29,2116
2016-11-30,2178
2016-12-01,3343
2016-12-02,3067
2016-12-03,1733
2016-12-04,1535
2016-12-05,1749
2016-12-06,2743
2016-12-07,2147
2016-12-08,2758
2016-12-09,2155
2016-12-10,968
2016-12-11,870
2016-12-12,1476
2016-12-13,2304
2016-12-14,2271
2016-12-15,1494
2016-12-16,991
2016-12-17,238
2016-12-18,573
2016-12-19,1354
2016-12-20,1546
2016-12-21,1706
2016-12-22,1386
2016-12-23,1164
2016-12-24,275
2016-12-25,360
2016-12-26,488
2016-12-27,1303
2016-12-28,1145
2016-12-29,601
2016-12-30,775
2016-12-31,473
2017-01-01,481
2017-01-02,802
2017-01-03,651
2017-01-04,1534
2017-01-05,1330
2017-01-06,836
2017-01-07,106
2017-01-08,111
2017-01-09,392
2017-01-10,469
2017-01-11,773
2017-01-12,763
2017-01-13,686
2017-01-14,336
2017-01-15,395
2017-01-16,486
2017-01-17,665
2017-01-18,379
2017-01-19,798
2017-01-20,717
2017-01-21,726
2017-01-22,401
2017-01-23,532
2017-01-24,363
2017-01-25,773
2017-01-26,820
2017-01-27,837
2017-01-28,478
2017-01-29,518
2017-01-30,763
2017-01-31,597
2017-02-01,690
2017-02-02,775
2017-02-03,723
2017-02-04,427
2017-02-05,416
2017-02-06,771
2017-02-07,409
2017-02-08,807
2017-02-09,84
2017-02-10,142
2017-02-11,188
2017-02-12,63
2017-02-13,38
2017-02-14,530
2017-02-15,591
2017-02-16,607
2017-02-17,673
2017-02-18,497
2017-02-19,613
2017-02-20,635
2017-02-21,784
2017-02-22,983
2017-02-23,1094
2017-02-24,1143
2017-02-25,909
2017-02-26,596
2017-02-27,957
2017-02-28,1126
2017-03-01,1164
2017-03-02,1043
2017-03-03,897
2017-03-04,337
2017-03-05,389
2017-03-06,1030
2017-03-07,991
2017-03-08,1465
2017-03-09,1469
2017-03-10,637
2017-03-11,316
2017-03-12,351
2017-03-13,1005
2017-03-14,77
2017-03-15,197
2017-03-16,878
2017-03-17,1076
2017-03-18,687
2017-03-19,562
2017-03-20,1586
2017-03-21,1955
2017-03-22,1411
2017-03-23,1398
2017-03-24,1437
2017-03-25,728
2017-03-26,906
2017-03-27,1051
2017-03-28,1292
2017-03-29,1764
2017-03-30,2174
2017-03-31,980
2017-04-01,224
2017-04-02,1440
2017-04-03,2943
2017-04-04,669
2017-04-05,2360
2017-04-06,1121
2017-04-07,2819
2017-04-08,1756
2017-04-09,3565
2017-04-10,4526
2017-04-11,5171
2017-04-12,4196
2017-04-13,4389
2017-04-14,4693
2017-04-15,4251
2017-04-16,4984
2017-04-17,4972
2017-04-18,4270
2017-04-19,3693
2017-04-20,4038
2017-04-21,1064
2017-04-22,1930
2017-04-23,3891
2017-04-24,4866
2017-04-25,1950
2017-04-26,2168
2017-04-27,4843
2017-04-28,5320
2017-04-29,5263
2017-04-30,2485
2017-05-01,3949
2017-05-02,4233
2017-05-03,5056
2017-05-04,5231
2017-05-05,2202
2017-05-06,2403
2017-05-07,3671
2017-05-08,4207
2017-05-09,4428
2017-05-10,4973
2017-05-11,4881
2017-05-12,4128
2017-05-13,2844
2017-05-14,843
2017-05-15,3574
2017-05-16,5929
2017-05-17,5912
2017-05-18,5390
2017-05-19,5569
2017-05-20,4457
2017-05-21,4413
2017-05-22,3048
2017-05-23,5440
2017-05-24,5692
2017-05-25,2047
2017-05-26,3150
2017-05-27,4205
2017-05-28,4451
2017-05-29,1590
2017-05-30,4767
2017-05-31,5211
2017-06-01,5759
2017-06-02,5614
2017-06-03,3822
2017-06-04,3732
2017-06-05,2400
2017-06-06,1634
2017-06-07,5553
2017-06-08,6232
2017-06-09,6362
2017-06-10,5380
2017-06-11,4784
2017-06-12,5875
2017-06-13,5677
2017-06-14,6548
2017-06-15,6674
2017-06-16,3810
2017-06-17,4483
2017-06-18,4787
2017-06-19,5890
2017-06-20,6038
2017-06-21,6714
2017-06-22,6727
2017-06-23,6393
2017-06-24,4711
2017-06-25,5069
2017-06-26,6434
2017-06-27,5620
2017-06-28,6957
2017-06-29,6619
2017-06-30,5612
2017-07-01,4550
2017-07-02,4690
2017-07-03,5483
2017-07-04,5784
2017-07-05,6483
2017-07-06,6865
2017-07-07,4026
2017-07-08,4269
2017-07-09,5426
2017-07-10,6496
2017-07-11,5309
2017-07-12,5472
2017-07-13,5037
2017-07-14,6164
2017-07-15,5586
2017-07-16,5245
2017-07-17,6527
2017-07-18,6237
2017-07-19,6495
2017-07-20,6481
2017-07-21,6637
2017-07-22,5406
2017-07-23,5489
2017-07-24,1859
2017-07-25,5870
2017-07-26,7409
2017-07-27,5310
2017-07-28,7097
2017-07-29,5485
2017-07-30,5707
2017-07-31,6939
2017-08-01,7398
2017-08-02,5010
2017-08-03,7139
2017-08-04,6803
2017-08-05,4087
2017-08-06,5668
2017-08-07,6304
2017-08-08,6719
2017-08-09,7157
2017-08-10,7094
2017-08-11,6920
2017-08-12,4966
2017-08-13,5530
2017-08-14,6744
2017-08-15,6998
2017-08-16,6824
2017-08-17,6784
2017-08-18,5324
2017-08-19,5317
2017-08-20,4861
2017-08-21,6188
2017-08-22,5978
2017-08-23,6220
2017-08-24,6594
2017-08-25,6427
2017-08-26,5296
2017-08-27,4994
2017-08-28,6284
2017-08-29,6303
2017-08-30,6147
2017-08-31,6573
2017-09-01,5796
2017-09-02,4482
2017-09-03,1174
2017-09-04,5190
2017-09-05,6423
2017-09-06,5161
2017-09-07,6579
2017-09-08,6695
2017-09-09,4996
2017-09-10,4736
2017-09-11,6453
2017-09-12,6961
2017-09-13,6866
2017-09-14,6574
2017-09-15,5804
2017-09-16,5061
2017-09-17,4743
2017-09-18,5987
2017-09-19,5304
2017-09-20,3557
2017-09-21,6020
2017-09-22,4066
2017-09-23,5289
2017-09-24,5077
2017-09-25,6603
2017-09-26,6749
2017-09-27,6869
2017-09-28,6890
2017-09-29,7022
2017-09-30,2257
2017-10-01,4709
2017-10-02,6090
2017-10-03,6398
2017-10-04,6480
2017-10-05,6457
2017-10-06,6265
2017-10-07,4964
2017-10-08,3501
2017-10-09,2777
2017-10-10,6420
2017-10-11,6470
2017-10-12,6129
2017-10-13,6022
2017-10-14,3689
2017-10-15,4252
2017-10-16,5426
2017-10-17,5570
2017-10-18,6248
2017-10-19,6493
2017-10-20,6683
2017-10-21,6048
2017-10-22,5537
2017-10-23,6042
2017-10-24,5625
2017-10-25,3166
2017-10-26,3730
2017-10-27,5498
2017-10-28,4610
2017-10-29,2369
2017-10-30,4567
2017-10-31,5422
2017-11-01,5439
2017-11-02,5970
2017-11-03,5831
2017-11-04,4641
2017-11-05,3748
2017-11-06,4482
2017-11-07,4630
2017-11-08,4623
2017-11-09,4800
2017-11-10,3008
2017-11-11,1985
2017-11-12,2294
2017-11-13,2884
2017-11-14,4138
2017-11-15,4434
2017-11-16,3259
2017-11-17,3930
2017-11-18,2200
2017-11-19,1788
2017-11-20,3663
2017-11-21,4478
2017-11-22,1231
2017-11-23,1055
2017-11-24,1819
2017-11-25,2466
2017-11-26,1739
2017-11-27,3578
2017-11-28,3554
2017-11-29,4131
2017-11-30,3665
2017-12-01,3748
2017-12-02,2175
2017-12-03,1999
2017-12-04,3589
2017-12-05,3282
2017-12-06,3703
2017-12-07,3506
2017-12-08,3304
2017-12-09,677
2017-12-10,841
2017-12-11,2661
2017-12-12,2709
2017-12-13,2274
2017-12-14,2204
2017-12-15,2191
2017-12-16,1143
2017-12-17,907
2017-12-18,2283
2017-12-19,2857
2017-12-20,2741
2017-12-21,2175
2017-12-22,1321
2017-12-23,205
2017-12-24,420
2017-12-25,93
2017-12-26,362
2017-12-27,474
2017-12-28,418
2017-12-29,406
2017-12-30,244
2017-12-31,160
2018-01-01,173
2018-01-02,753
2018-01-03,1296
2018-01-04,21
2018-01-05,65
2018-01-06,148
2018-01-07,183
2018-01-08,1063
2018-01-09,1417
2018-01-10,1644
2018-01-11,1993
2018-01-12,1551
2018-01-13,885
2018-01-14,618
2018-01-15,715
2018-01-16,1936
2018-01-17,1072
2018-01-18,1876
2018-01-19,2028
2018-01-20,1290
2018-01-21,1477
2018-01-22,1789
2018-01-23,1424
2018-01-24,2467
2018-01-25,2052
2018-01-26,2073
2018-01-27,1591
2018-01-28,1552
2018-01-29,2509
2018-01-30,1254
2018-01-31,2017
2018-02-01,2363
2018-02-02,1629
2018-02-03,908
2018-02-04,794
2018-02-05,2414
2018-02-06,2378
2018-02-07,1458
2018-02-08,2005
2018-02-09,2156
2018-02-10,1476
2018-02-11,501
2018-02-12,2805
2018-02-13,2524
2018-02-14,3082
2018-02-15,3067
2018-02-16,2680
2018-02-17,1252
2018-02-18,968
2018-02-19,1716
2018-02-20,3778
2018-02-21,4575
2018-02-22,2327
2018-02-23,2200
2018-02-24,2368
2018-02-25,662
2018-02-26,3218
2018-02-27,3500
2018-02-28,4013
2018-03-01,3876
2018-03-02,368
2018-03-03,1424
2018-03-04,1440
2018-03-05,2518
2018-03-06,2913
2018-03-07,1425
2018-03-08,1032
2018-03-09,2274
2018-03-10,1261
2018-03-11,1432
2018-03-12,2721
2018-03-14,713
2018-03-15,2219
2018-03-16,2223
2018-03-17,1159
2018-03-18,1024
2018-03-19,2207
2018-03-20,2466
2018-03-21,2340
2018-03-22,1724
2018-03-23,2708
2018-03-24,1752
2018-03-25,1209
2018-03-26,2690
2018-03-27,2985
2018-03-28,3460
2018-03-29,3496
2018-03-30,2685
2018-03-31,3241
2018-04-01,2280
2018-04-02,2711
2018-04-03,2467
2018-04-04,2708
2018-04-05,3097
2018-04-06,2591
2018-04-07,2213
2018-04-08,1941
2018-04-09,3385
2018-04-10,3615
2018-04-11,3906
2018-04-12,3905
2018-04-13,4931
2018-04-14,3259
2018-04-15,1184
2018-04-16,664
2018-04-17,3704
2018-04-18,3968
2018-04-19,2295
2018-04-20,3858
2018-04-21,4136
2018-04-22,4129
2018-04-23,4998
2018-04-24,5365
2018-04-25,1781
2018-04-26,4479
2018-04-27,3326
2018-04-28,5637
2018-04-29,2518
2018-04-30,3143
2018-05-01,5776
2018-05-02,6882
2018-05-03,6041
2018-05-04,5556
2018-05-05,5646
2018-05-06,3499
2018-05-07,5949
2018-05-08,6343
2018-05-09,6461
2018-05-10,6580
2018-05-11,7071
2018-05-12,1897
2018-05-13,3667
2018-05-14,6828
2018-05-15,4928
2018-05-16,6204
2018-05-17,7021
2018-05-18,7007
2018-05-19,2224
2018-05-20,4229
2018-05-21,7305
2018-05-22,5522
2018-05-23,7566
2018-05-24,7469
2018-05-25,7433
2018-05-26,5404
2018-05-27,2778
2018-05-28,3475
2018-05-29,7311
2018-05-30,7402
2018-05-31,7391
2018-06-01,6634
2018-06-02,4911
2018-06-03,5307
2018-06-04,2872
2018-06-05,5728
2018-06-06,7070
2018-06-07,7590
2018-06-08,7880
2018-06-09,6572
2018-06-10,6256
2018-06-11,7307
2018-06-12,8161
2018-06-13,7421
2018-06-14,8010
2018-06-15,7046
2018-06-16,6486
2018-06-17,5853
2018-06-18,6644
2018-06-19,7950
2018-06-20,8548
2018-06-21,8700
2018-06-22,8626
2018-06-23,4645
2018-06-24,5423
2018-06-25,8085
2018-06-26,9162
2018-06-27,8318
2018-06-28,4375
2018-06-29,7882
2018-06-30,5897
2018-07-01,5305
2018-07-02,7798
2018-07-03,7036
2018-07-04,6650
2018-07-05,6976
2018-07-06,6286
2018-07-07,6995
2018-07-08,6675
2018-07-09,8375
2018-07-10,8287
2018-07-11,9262
2018-07-12,9588
2018-07-13,9276
2018-07-14,7675
2018-07-15,6898
2018-07-16,8894
2018-07-17,4964
2018-07-18,9413
2018-07-19,9545
2018-07-20,9481
2018-07-21,8021
2018-07-22,3466
2018-07-23,7918
2018-07-24,8956
2018-07-25,8094
2018-07-26,7487
2018-07-27,9096
2018-07-28,7558
2018-07-29,7718
2018-07-30,9356
2018-07-31,9865
2018-08-01,9427
2018-08-02,8765
2018-08-03,8330
2018-08-04,5072
2018-08-05,7120
2018-08-06,8057
2018-08-07,8473
2018-08-08,7596
2018-08-09,8500
2018-08-10,8781
2018-08-11,3207
2018-08-12,3716
2018-08-13,6034
2018-08-14,8077
2018-08-15,8811
2018-08-16,8550
2018-08-17,7552
2018-08-18,5066
2018-08-19,6864
2018-08-20,8616
2018-08-21,8979
2018-08-22,6598
2018-08-23,9048
2018-08-24,8536
2018-08-25,7429
2018-08-26,7009
2018-08-27,8182
2018-08-28,8311
2018-08-29,7939
2018-08-30,8698
2018-08-31,8733
2018-09-01,6762
2018-09-02,7729
2018-09-03,6862
2018-09-04,9385
2018-09-05,9603
2018-09-06,7549
2018-09-07,9720
2018-09-08,7559
2018-09-09,6534
2018-09-10,5962
2018-09-11,8349
2018-09-12,7400
2018-09-13,9208
2018-09-14,9975
2018-09-15,8187
2018-09-16,7972
2018-09-17,9377
2018-09-18,5996
2018-09-19,8466
2018-09-20,9193
2018-09-21,9507
2018-09-22,7889
2018-09-23,6665
2018-09-24,7763
2018-09-25,4064
2018-09-26,8727
2018-09-27,9096
2018-09-28,5674
2018-09-29,7694
2018-09-30,7315
2018-10-01,6685
2018-10-02,4894
2018-10-03,7937
2018-10-04,8830
2018-10-05,8682
2018-10-06,6729
2018-10-07,5652
2018-10-08,5512
2018-10-09,8874
2018-10-10,9474
2018-10-11,5725
2018-10-12,7248
2018-10-13,4024
2018-10-14,5794
2018-10-15,7163
2018-10-16,7925
2018-10-17,7688
2018-10-18,6495
2018-10-19,7580
2018-10-20,6916
2018-10-21,4119
2018-10-22,6436
2018-10-23,5833
2018-10-24,6340
2018-10-25,6739
2018-10-26,6473
2018-10-27,760
2018-10-28,4126
2018-10-29,5164
2018-10-30,6838
2018-10-31,7444
2018-11-01,7099
2018-11-02,6288
2018-11-03,3250
2018-11-04,4789
2018-11-05,5076
2018-11-06,4506
2018-11-07,7717
2018-11-08,7071
2018-11-09,5340
2018-11-10,3117
2018-11-11,3216
2018-11-12,5209
2018-11-13,3316
2018-11-14,4841
2018-11-15,4502
2018-11-16,2880
2018-11-17,3557
2018-11-18,3001
2018-11-19,3442
2018-11-20,2281
2018-11-21,3246
2018-11-22,555
2018-11-23,1259
2018-11-24,1937
2018-11-25,1629
2018-11-26,3286
2018-11-27,4496
2018-11-28,4994
2018-11-29,4805
2018-11-30,4712
2018-12-01,3208
2018-12-02,1448
2018-12-03,5128
2018-12-04,4386
2018-12-05,4190
2018-12-06,4311
2018-12-07,3987
2018-12-08,1979
2018-12-09,1855
2018-12-10,3934
2018-12-11,4158
2018-12-12,4038
2018-12-13,3873
2018-12-14,4183
2018-12-15,2829
2018-12-16,1501
2018-12-17,3376
2018-12-18,2952
2018-12-19,3476
2018-12-20,3798
2018-12-21,1298
2018-12-22,1538
2018-12-23,1064
2018-12-24,979
2018-12-25,600
2018-12-26,1315
2018-12-27,1687
2018-12-28,871
2018-12-29,1504
2018-12-30,951
2018-12-31,1544
2019-01-01,1305
2019-01-02,2632
2019-01-03,3005
2019-01-04,3397
2019-01-05,786
2019-01-06,1631
2019-01-07,2874
2019-01-08,2981
2019-01-09,3385
2019-01-10,3332
2019-01-11,2640
2019-01-12,1236
2019-01-13,1169
2019-01-14,3008
2019-01-15,3310
2019-01-16,3555
2019-01-17,3144
2019-01-18,3292
2019-01-19,1377
2019-01-21,155
2019-01-22,969
2019-01-23,1813
2019-01-24,1493
2019-01-25,3019
2019-01-26,1731
2019-01-27,1913
2019-01-28,3268
2019-01-29,3244
2019-01-30,2560
2019-01-31,1647
2019-02-01,2213
2019-02-02,1579
2019-02-03,2095
2019-02-04,4786
2019-02-05,5900
2019-02-06,4065
2019-02-07,3740
2019-02-08,3864
2019-02-09,1825
2019-02-10,1977
2019-02-11,3797
2019-02-12,2172
2019-02-13,2636
2019-02-14,3633
2019-02-15,3395
2019-02-16,2350
2019-02-17,2097
2019-02-18,955
2019-02-19,2801
2019-02-20,3164
2019-02-21,2907
2019-02-22,3750
2019-02-23,2413
2019-02-24,1078
2019-02-25,2899
2019-02-26,3053
2019-02-27,2981
2019-02-28,2341
2019-03-01,3201
2019-03-02,834
2019-03-03,1853
2019-03-04,1260
2019-03-05,2726
2019-03-06,2625
2019-03-07,2762
2019-03-08,2867
2019-03-09,2106
2019-03-10,670
2019-03-11,3733
2019-03-12,3868
2019-03-13,3892
2019-03-14,4505
2019-03-15,4583
2019-03-16,2728
2019-03-17,2337
2019-03-18,3774
2019-03-19,4127
2019-03-20,4528
2019-03-21,4448
2019-03-22,2026
2019-03-23,2274
2019-03-24,3619
2019-03-25,4579
2019-03-26,4392
2019-03-27,4431
2019-03-28,4864
2019-03-29,4196
2019-03-30,5924
2019-03-31,2637
2019-04-01,4698
2019-04-02,5501
2019-04-03,4918
2019-04-04,5357
2019-04-05,4868
2019-04-06,6227
2019-04-07,5708
2019-04-08,2778
2019-04-09,4446
2019-04-10,5112
2019-04-11,6169
2019-04-12,5734
2019-04-13,7081
2019-04-14,6480
2019-04-15,4649
2019-04-16,6479
2019-04-17,7267
2019-04-18,5543
2019-04-19,7450
2019-04-20,3650
2019-04-21,5370
2019-04-22,3508
2019-04-23,6243
2019-04-24,7951
2019-04-25,8312
2019-04-26,3373
2019-04-27,4654
2019-04-28,4058
2019-04-29,7379
2019-04-30,5731
2019-05-01,7244
2019-05-02,5454
2019-05-03,6074
2019-05-04,5386
2019-05-05,4649
2019-05-06,7883
2019-05-07,7842
2019-05-08,8909
2019-05-09,8415
2019-05-10,7120
2019-05-11,8162
2019-05-12,1464
2019-05-13,5208
2019-05-14,4803
2019-05-15,7929
2019-05-16,8749
2019-05-17,5847
2019-05-18,9009
2019-05-19,5891
2019-05-20,8468
2019-05-21,9426
2019-05-22,9019
2019-05-23,8247
2019-05-24,7921
2019-05-25,7747
2019-05-26,7822
2019-05-27,8247
2019-05-28,4530
2019-05-29,7600
2019-05-30,8565
2019-05-31,9454
2019-06-01,7403
2019-06-02,6950
2019-06-03,9369
2019-06-04,10059
2019-06-05,10491
2019-06-06,10033
2019-06-07,10930
2019-06-08,9625
2019-06-09,8972
2019-06-10,10109
2019-06-11,8057
2019-06-12,11814
2019-06-13,4501
2019-06-14,10455
2019-06-15,9454
2019-06-16,3651
2019-06-17,10692
2019-06-18,7965
2019-06-19,11006
2019-06-20,7074
2019-06-21,8660
2019-06-22,9753
2019-06-23,9990
2019-06-24,10677
2019-06-25,8392
2019-06-26,11469
2019-06-27,11695
2019-06-28,11164
2019-06-29,7164
2019-06-30,6448
2019-07-01,10877
2019-07-02,11236
2019-07-03,10408
2019-07-04,11110
2019-07-05,8192
2019-07-06,5399
2019-07-07,9255
2019-07-08,11189
2019-07-09,11479
2019-07-10,11189
2019-07-11,11389
2019-07-12,8798
2019-07-13,9934
2019-07-14,9434
2019-07-15,11545
2019-07-16,12201
2019-07-17,9195
2019-07-18,10161
2019-07-19,11219
2019-07-20,6790
2019-07-21,7258
2019-07-22,9540
2019-07-23,7955
2019-07-24,12860
2019-07-25,13201
2019-07-26,12439
2019-07-27,10142
2019-07-28,9093
2019-07-29,11294
2019-07-30,12042
2019-07-31,10107
2019-08-01,13053
2019-08-02,12349
2019-08-03,9496
2019-08-04,9888
2019-08-05,12317
2019-08-06,12625
2019-08-07,11122
2019-08-08,11820
2019-08-09,12000
2019-08-10,11438
2019-08-11,10038
2019-08-12,11839
2019-08-13,11214
2019-08-14,12113
2019-08-15,12205
2019-08-16,11618
2019-08-17,9317
2019-08-18,8410
2019-08-19,9471
2019-08-20,11550
2019-08-21,9569
2019-08-22,11300
2019-08-23,10829
2019-08-24,10000
2019-08-25,8339
2019-08-26,10945
2019-08-27,11847
2019-08-28,7590
2019-08-29,12081
2019-08-30,11701
2019-08-31,9359
2019-09-01,9777
2019-09-02,6894
2019-09-03,13369
2019-09-04,11836
2019-09-05,13661
2019-09-06,12888
2019-09-07,9732
2019-09-08,10742
2019-09-09,13167
2019-09-10,13109
2019-09-11,13661
2019-09-12,10592
2019-09-13,13138
2019-09-14,8742
2019-09-15,10909
2019-09-16,12878
2019-09-17,13406
2019-09-18,13286
2019-09-19,13554
2019-09-20,14282
2019-09-21,12449
2019-09-22,11335
2019-09-23,13222
2019-09-24,13427
2019-09-25,13520
2019-09-26,10935
2019-09-27,14025
2019-09-28,11963
2019-09-29,10682
2019-09-30,12004
2019-10-01,12183
2019-10-02,9071
2019-10-03,11496
2019-10-04,11767
2019-10-05,9315
2019-10-06,8632
2019-10-07,11449
2019-10-08,11403
2019-10-09,9153
2019-10-10,9473
2019-10-11,5724
2019-10-12,6744
2019-10-13,9942
2019-10-14,10029
2019-10-15,11776
2019-10-16,10933
2019-10-17,9260
2019-10-18,10988
2019-10-19,10114
2019-10-20,8994
2019-10-21,11676
2019-10-22,10609
2019-10-23,10209
2019-10-24,12187
2019-10-25,11864
2019-10-26,9726
2019-10-27,2133
2019-10-28,9058
2019-10-29,10533
2019-10-30,10321
2019-10-31,8742
2019-11-01,10509
2019-11-02,8611
2019-11-03,7211
2019-11-04,9889
2019-11-05,8253
2019-11-06,10388
2019-11-07,7658
2019-11-08,6754
2019-11-09,4880
2019-11-10,5787
2019-11-11,7829
2019-11-12,6470
2019-11-13,5917
2019-11-14,7039
2019-11-15,8436
2019-11-16,4859
2019-11-17,4012
2019-11-18,4695
2019-11-19,6163
2019-11-20,5104
2019-11-21,8404
2019-11-22,6959
2019-11-23,5472
2019-11-24,1423
2019-11-25,7897
2019-11-26,8366
2019-11-27,5589
2019-11-28,1455
2019-11-29,2551
2019-11-30,2178
2019-12-01,1755
2019-12-02,1792
2019-12-03,1688
2019-12-04,4425
2019-12-05,5769
2019-12-06,4882
2019-12-07,3265
2019-12-08,2952
2019-12-09,3340
2019-12-10,5827
2019-12-11,4032
2019-12-12,5258
2019-12-13,4971
2019-12-14,2803
2019-12-15,3225
2019-12-16,5037
2019-12-17,1887
2019-12-18,4022
2019-12-19,3004
2019-12-20,2926
2019-12-21,1663
2019-12-22,1654
2019-12-23,3099
2019-12-24,1699
2019-12-25,803
2019-12-26,1837
2019-12-27,2165
2019-12-28,2155
2019-12-29,1796
2019-12-30,662
2019-12-31,1816
2020-01-01,1536
2020-01-02,3771
2020-01-03,4329
2020-01-04,1450
2020-01-05,1926
2020-01-06,4514
2020-01-07,5068
2020-01-08,4649
2020-01-09,4090
2020-01-10,5088
2020-01-11,5342
2020-01-12,4935
2020-01-13,4637
2020-01-14,5490
2020-01-15,5992
2020-01-16,4269
2020-01-17,3054
2020-01-18,1476
2020-01-19,1653
2020-01-20,2117
2020-01-21,3965
2020-01-22,4721
2020-01-23,5285
2020-01-24,5333
2020-01-25,2456
2020-01-26,3700
2020-01-27,5795
2020-01-28,5623
2020-01-29,5587
2020-01-30,5206
2020-01-31,5541
2020-02-01,3488
2020-02-02,3653
2020-02-03,6153
2020-02-04,6429
2020-02-05,6229
2020-02-06,3328
2020-02-07,3531
2020-02-08,2827
2020-02-09,2719
2020-02-10,4293
2020-02-11,4438
2020-02-12,6450
2020-02-13,4406
2020-02-14,4383
2020-02-15,2303
2020-02-16,2898
2020-02-17,4122
2020-02-18,3597
2020-02-19,5723
2020-02-20,5063
2020-02-21,4466
2020-02-22,3981
2020-02-23,5073
2020-02-24,7149
2020-02-25,6691
2020-02-26,6502
2020-02-27,4659
2020-02-28,5436
2020-02-29,3245
2020-03-01,2806
2020-03-02,6095
2020-03-03,7648
2020-03-04,6573
2020-03-05,7161
2020-03-06,5712
2020-03-07,2484
2020-03-08,4131
2020-03-09,8671
2020-03-10,7851
2020-03-11,6797
2020-03-12,5407
2020-03-13,3273
2020-03-14,3957
2020-03-15,3001
2020-03-16,2238
2020-03-17,1719
2020-03-18,2646
2020-03-19,790
2020-03-20,2643
2020-03-21,2680
2020-03-22,1407
2020-03-23,662
2020-03-24,1318
2020-03-25,1088
2020-03-26,1616
2020-03-27,2198
2020-03-28,2413
2020-03-29,332
2020-03-30,725
2020-03-31,1308
2020-04-01,1167
2020-04-02,674
2020-04-03,388
2020-04-04,2070
2020-04-05,2073
2020-04-06,1928
2020-04-07,1988
2020-04-08,1219
2020-04-09,586
2020-04-10,1152
2020-04-11,2301
2020-04-12,2751
2020-04-13,324
2020-04-14,2027
2020-04-15,1468
2020-04-16,1358
2020-04-17,1580
2020-04-18,670
2020-04-19,3842
2020-04-20,1430
2020-04-21,846
2020-04-22,1127
2020-04-23,2079
2020-04-24,805
2020-04-25,4435
2020-04-26,1014
2020-04-27,351
2020-04-28,1665
2020-04-29,2122
2020-04-30,1353
2020-05-01,1444
2020-05-02,5190
2020-05-03,6194
2020-05-04,2541
2020-05-05,2687
2020-05-06,2173
2020-05-07,2910
2020-05-08,2037
2020-05-09,1438
2020-05-10,2749
2020-05-11,1359
2020-05-12,2486
2020-05-13,2995
2020-05-14,4256
2020-05-15,3541
2020-05-16,6172
2020-05-17,4894
2020-05-18,2799
2020-05-19,3235
2020-05-20,3726
2020-05-21,4795
2020-05-22,5958
2020-05-23,3898
2020-05-24,5543
2020-05-25,4426
2020-05-26,5004
2020-05-27,5217
2020-05-28,4446
2020-05-29,4997
2020-05-30,7698
2020-05-31,8071
2020-06-01,4210
2020-06-02,4890
2020-06-03,5300
2020-06-04,5588
2020-06-05,5427
2020-06-06,5991
2020-06-07,6474
2020-06-08,5968
2020-06-09,5591
2020-06-10,5965
2020-06-11,3305
2020-06-12,7484
2020-06-13,9447
2020-06-14,8417
2020-06-15,5643
2020-06-16,6625
2020-06-17,6920
2020-06-18,6949
2020-06-19,7942
2020-06-20,8363
2020-06-21,7205
2020-06-22,6463
2020-06-23,6977
2020-06-24,6414
2020-06-25,7765
2020-06-26,8492
2020-06-27,7229
2020-06-28,4806
2020-06-29,4634
2020-06-30,5359
2020-07-01,6457
2020-07-02,8118
2020-07-03,8142
2020-07-04,9800
2020-07-05,8078
2020-07-06,7386
2020-07-07,7546
2020-07-08,6967
2020-07-09,7920
2020-07-10,7800
2020-07-11,10344
2020-07-12,9109
2020-07-13,7034
2020-07-14,6641
2020-07-15,8829
2020-07-16,9047
2020-07-17,8372
2020-07-18,9925
2020-07-19,7668
2020-07-20,7068
2020-07-21,8367
2020-07-22,7685
2020-07-23,6608
2020-07-24,10405
2020-07-25,11914
2020-07-26,9130
2020-07-27,7276
2020-07-28,7751
2020-07-29,9126
2020-07-30,8569
2020-07-31,10644
2020-08-01,11982
2020-08-02,8286
2020-08-03,8442
2020-08-04,6267
2020-08-05,9425
2020-08-06,9810
2020-08-07,9984
2020-08-08,12097
2020-08-09,9637
2020-08-10,8205
2020-08-11,8706
2020-08-12,8868
2020-08-13,9439
2020-08-14,10305
2020-08-15,10440
2020-08-16,6571
2020-08-17,8863
2020-08-18,9571
2020-08-19,8438
2020-08-20,10202
2020-08-21,10547
2020-08-22,10439
2020-08-23,7391
2020-08-24,9092
2020-08-25,9699
2020-08-26,10541
2020-08-27,6942
2020-08-28,11238
2020-08-29,6770
2020-08-30,11294
2020-08-31,9542
2020-09-01,9913
2020-09-02,5945
2020-09-03,9186
2020-09-04,11718
2020-09-05,13154
2020-09-06,12683
2020-09-07,11843
2020-09-08,10061
2020-09-09,9930
2020-09-10,6363
2020-09-11,10989
2020-09-12,14401
2020-09-13,11177
2020-09-14,9400
2020-09-15,9367
2020-09-16,9659
2020-09-17,10057
2020-09-18,10570
2020-09-19,12568
2020-09-20,9057
2020-09-21,7947
2020-09-22,8248
2020-09-23,10010
2020-09-24,10341
2020-09-25,11771
2020-09-26,14174
2020-09-27,10856
2020-09-28,8681
2020-09-29,9696
2020-09-30,8088
2020-10-01,10312
2020-10-02,9904
2020-10-03,12399
2020-10-04,10025
2020-10-05,7999
2020-10-06,9301
2020-10-07,7537
2020-10-08,9157
2020-10-09,9534
2020-10-10,14267
2020-10-11,9759
2020-10-12,6376
2020-10-13,2185
2020-10-14,9120
2020-10-15,9749
2020-10-16,5211
2020-10-17,8996
2020-10-18,8581
2020-10-19,7549
2020-10-20,8270
2020-10-21,7669
2020-10-22,8998
2020-10-23,9886
2020-10-24,11260
2020-10-25,7128
2020-10-26,6351
2020-10-27,7232
2020-10-28,3910
2020-10-29,3193
2020-10-30,1655
2020-10-31,4911
2020-11-01,3556
2020-11-02,4520
2020-11-03,5289
2020-11-04,5581
2020-11-05,7343
2020-11-06,8623
2020-11-07,12248
2020-11-08,9210
2020-11-09,7052
2020-11-10,8053
2020-11-11,7680
2020-11-12,5622
2020-11-13,3348
2020-11-14,6936
2020-11-15,4537
2020-11-16,5175
2020-11-17,5020
2020-11-18,3780
2020-11-19,4147
2020-11-20,6550
2020-11-21,7413
2020-11-22,3497
2020-11-23,2359
2020-11-24,4215
2020-11-25,4028
2020-11-26,1450
2020-11-27,4041
2020-11-28,4192
2020-11-29,4222
2020-11-30,2025
2020-12-01,4407
2020-12-02,3568
2020-12-03,3993
2020-12-04,4802
2020-12-05,592
2020-12-06,2707
2020-12-07,3038
2020-12-08,2995
2020-12-09,3168
2020-12-10,3681
2020-12-11,4187
2020-12-12,2024
2020-12-13,4650
2020-12-14,2341
2020-12-15,3036
2020-12-16,2414
2020-12-17,210
2020-12-18,1113
2020-12-19,1166
2020-12-20,1006
2020-12-21,1634
2020-12-22,1981
2020-12-23,1966
2020-12-24,1920
2020-12-25,385
2020-12-26,1493
2020-12-27,1502
2020-12-28,2344
2020-12-29,1784
2020-12-30,1863
2020-12-31,2032
